month,filled_trades,avg_net_bps,pnl_dollars,equity_end_dollars
2026-02,178,7.462506183707864,3374.4650266077565,103374.46502660775
2026-03,12,12.812457733333332,397.9206708185482,103772.3856974263
