month,filled_trades,avg_net_bps,pnl_dollars,equity_end_dollars
2026-02,201,6.991432643781094,3573.1452593502354,103573.14525935023
2026-03,12,7.8937502666666655,245.40665800210132,103818.55191735234
