month,filled_trades,avg_net_bps,pnl_dollars,equity_end_dollars
2026-02,181,7.322472743370163,3366.9024508791676,103366.90245087916
2026-03,12,17.71076539166667,550.4475908690615,103917.35004174823
