{
  "global_mean": 2.6999096902913746,
  "score_avg": {
    "<10": 2.332902883920098,
    "<12": 2.8166424459875747,
    "<14": 3.2230229852272747,
    "<8": 2.3383228094167223,
    ">=14": 3.367644219394065
  },
  "selected_cutoff": 3.3939831644176484,
  "spread_avg": {
    "<12": -0.7055227256722253,
    "<16": 0.9903302370625211,
    "<20": 3.3651759713607166,
    ">=20": 6.573482361652267
  },
  "symbol_avg": {
    "CRVUSDT": 3.2945409451902092,
    "GALAUSDT": 1.5514174585898133,
    "SEIUSDT": -1.1835414931265722
  },
  "test_months": [
    "2026-02",
    "2026-03"
  ],
  "train_months": [
    "2025-08",
    "2025-09",
    "2025-10",
    "2025-11",
    "2025-12",
    "2026-01"
  ],
  "velocity_avg": {
    "<16": 2.015758240073409,
    "<24": 3.502854164185109,
    "<8": 1.298762035340713,
    ">=24": 6.6136417302227155
  }
}