month,events,pair_net_15m_bps,pair_net_max_15m_bps,pair_win_15m
2026-03,20,21.146195725414714,48.39549312461484,0.85
