month,trades,gross_bps_per_trade,net_bps_per_trade,total_net_bps
2025-12,254,-0.3180954859220917,-8.318095485922091,-2112.796253424211
2026-01,3416,-0.48517998219697994,-8.48517998219698,-28985.374819184883
2026-02,8903,-1.2323494301111704,-9.23234943011117,-82195.60697627976
2026-03,1208,5.31709463817269,-2.68290536182731,-3240.9496770873907
