month,trades,gross_bps_per_trade,net_bps_per_trade,total_net_bps
2026-01,2647,-1.9343510411166636,-9.934351041116663,-26296.227205835807
2026-02,1535,-1.4680970620615639,-9.468097062061563,-14533.5289902645
2026-03,189,9.207622888652686,1.2076228886526863,228.2407259553577
